Time,PM10,PM25,PM100,Temperature,Gas,Relative Humidity,Pressure,Altitude
1707958024.0069196,0,0,0,34.505,173755,100,751.8949906571423,2446.537892247193
1707958025.0202715,0,0,0,24.025703125,38456,44.327130476548945,1005.1851148884568,67.36309554366
1707958026.0335326,0,0,0,24.0598828125,62674,44.18097467747012,1005.1803513064556,67.4030131509682
1707958027.0449548,0,0,0,24.0966015625,83393,44.02922769370552,1005.1695243104832,67.49374119705801
1707958028.056274,0,0,0,24.1341015625,98820,43.86570912741655,1005.1702819001872,67.48739272214105
1707958029.0693793,0,0,0,24.1669140625,111074,43.70179562479404,1005.1666520674466,67.51781014814318
1707958030.082284,0,0,0,24.1946484375,121907,43.549407618868756,1005.1631307696003,67.54731815383535
1707958031.093332,0,0,0,24.221015625,130350,43.4268700442402,1005.1624732012175,67.55282849834468
1707958032.1044252,0,0,0,24.2426953125,136735,43.375561929739256,1005.1642934256338,67.53757524229292
1707958033.1160846,0,0,0,24.2598828125,143530,43.34764912238902,1005.1603419105081,67.57068847998416
1707958034.127145,0,0,0,24.273359375,149154,43.319317091166866,1005.1587824081878,67.58375695725975
1707958035.1383042,0,0,0,24.28,154663,43.26035279183979,1005.1612703353392,67.56290837828357
1707958036.1512072,0,0,0,24.284296875,158168,43.177267650756875,1005.1615683380951,67.56041114800178
1707958037.164242,0,0,0,24.281953125,162149,43.11733134614234,1005.1576631852305,67.59313594655575
1707958038.1767402,0,0,0,24.278828125,163734,43.06329220765587,1005.1644638216233,67.53614734606671
1707958039.189667,0,0,0,24.275703125,168173,43.098725369079325,1005.1575415562005,67.59415518756938
1707958040.2023501,0,0,0,24.27296875,170918,43.16404504430158,1005.1598468845484,67.57483674744594
1707958041.2151062,0,0,0,24.2692578125,172503,43.25913040939823,1005.1673863154791,67.51165725823398
1707958042.2279766,0,0,0,24.2659375,174661,43.420042847338,1005.1635692148079,67.54364403698627
1707958043.2405236,0,0,2,24.262421875,176874,43.599033592656134,1005.1559960392283,67.60710649813822
1707958044.2529984,0,0,2,24.259296875,178381,43.79023699705094,1005.1490737620496,67.6651148338403
1707958045.2643368,0,0,2,24.2551953125,180108,43.963554791785484,1005.1422396338312,67.72238480299298
1707958046.2755077,0,0,2,24.2493359375,182661,44.12484196593096,1005.144483565102,67.70358063248993
1707958047.286349,0,0,2,24.2426953125,184268,44.286189773832035,1005.1454255431419,67.69568685554285
1707958048.2978332,0,0,2,24.238203125,185493,44.40585337643311,1005.1499471777884,67.65779563590571
1707958049.3093278,0,0,1,24.233125,186734,44.49545667377574,1005.1552075595989,67.61371390157883
1707958050.320988,0,0,1,24.22921875,186958,44.567190630080674,1005.1538443127397,67.62513782358893
1707958051.3322222,0,0,1,24.225703125,187490,44.63899962384579,1005.151416694427,67.64548114177084
1707958052.3435977,0,0,1,24.2219921875,188563,44.680708139914984,1005.1452331843849,67.69729882163607
1707958053.3551178,0,0,1,24.2180859375,188563,44.75854165216481,1005.1421546306336,67.72309713145798
1707958054.3688793,0,0,1,24.21203125,190527,44.8120548722631,1005.1475023778464,67.67828299972751
1707958055.3804576,0,0,1,24.2071484375,191524,44.847640153027235,1005.1565177683692,67.6027344472053
1707958056.3932035,0,0,1,24.2036328125,192983,44.86530965699117,1005.1558050314545,67.60870712936469
1707958057.4072819,0,0,1,24.199921875,194235,44.88295795922873,1005.1547667884201,67.61740753465888
1707958058.4207945,0,0,1,24.1973828125,197141,44.90677376536768,1005.1659721152676,67.52350805007696
1707958059.4344602,0,0,1,24.1938671875,197733,44.894305073734316,1005.1635440507176,67.5438549089304
1707958060.4481623,0,0,1,24.1883984375,197971,44.881608755116225,1005.1612915552644,67.56273055762708
1707958061.4610307,0,0,1,24.181953125,200869,44.83263972514428,1005.1677022501323,67.50900977369037
1707958062.4739602,0,0,1,24.1753125,201607,44.75354461488721,1005.1686419032443,67.5011356269097
1707958063.4868772,0,0,1,24.169453125,202599,44.65651892046486,1005.1657380299393,67.52546965234554
1707958064.499839,0,0,1,24.1637890625,204105,44.58965623752576,1005.1717348080691,67.47521760811891
1707958065.5126321,0,0,1,24.1587109375,204613,44.52288903211188,1005.1752776995719,67.445528856493
1707958066.526669,0,0,1,24.1534375,205892,44.438090019778535,1005.1767799093568,67.43294065204812
1707958067.540011,0,0,1,24.148359375,206408,44.38340354138313,1005.1888975513649,67.33139789832548
1707958068.552854,0,0,1,24.142890625,205892,44.33469811185677,1005.1797838849031,67.40776800966819
1707958069.5649989,0,0,1,24.1376171875,207579,44.304049771705635,1005.1795706632698,67.40955475720025
1707958070.5778644,0,0,1,24.125703125,209827,44.27864449037009,1005.1871551432573,67.34599877347188
1707958071.5907042,0,0,1,24.1122265625,212261,44.20503094771444,1005.1887048497957,67.33301268064272
1707958072.6047935,0,0,1,24.09953125,211715,44.095543497097815,1005.1984152659944,67.25164256882958
1707958073.6176462,0,0,0,24.08859375,213085,44.01631201022393,1005.2007650862691,67.23195193911481
1707958074.6305099,0,0,0,24.0723828125,215314,43.93651363044129,1005.2063290097727,67.18532845498571
1707958075.6434708,0,0,0,24.053828125,215174,43.844507403131715,1005.2079851325071,67.17145084012985
1707958076.6563458,0,0,0,24.034296875,217734,43.710544430032016,1005.2028677926882,67.2143320642281
1707958077.669515,0,0,0,24.0126171875,218022,43.570470284172785,1005.2061707360548,67.18665472342349
1707958078.682363,0,0,0,23.9891796875,219329,43.41239854540495,1005.2013975942953,67.22665176083873
1707958079.6951675,0,0,0,23.9653515625,220062,43.272347550939344,1005.1959712341489,67.27212269640037
1707958080.7079804,0,0,0,23.946015625,222290,43.144859772433186,1005.1551686695286,67.61403979772118
1707958081.7208557,0,0,0,23.9278515625,222590,43.01760875301645,1005.1403222654113,67.73845239988329
1707958082.733699,0,0,1,23.909296875,223194,42.89041743578203,1005.1316816502118,67.81086128640212
1707958083.7447884,0,0,1,23.890546875,224105,42.775208517420396,1005.1278574382443,67.84290857866573
1707958084.7558599,0,0,1,23.87453125,223800,42.69607328300209,1005.1097326588776,67.99479744927582
1707958085.7662904,0,0,1,23.8528515625,223800,42.634178989968504,1005.1027370547953,68.05342244729484
1707958086.777375,0,0,1,23.8329296875,226105,42.60222474807981,1005.0763856633872,68.27425698877784
1707958087.788722,0,0,2,23.8149609375,225332,42.56455501774206,1005.0652887636662,68.36725457244644
1707958088.8016102,0,0,1,23.7973828125,226260,42.5328805371207,1005.0359872564691,68.61281989063907
1707958089.8145392,0,0,1,23.7801953125,227511,42.48343948717885,1005.0124792344732,68.80983629891999
1707958090.8273866,0,0,1,23.765546875,227354,42.41648864405508,1004.9863475625892,69.02884541367295
1707958091.838864,0,0,1,23.7505078125,227511,42.38513207238007,1004.9629929184927,69.22458420598551
1707958092.8499022,0,0,1,23.737421875,229413,42.37180361006633,1004.9308965540456,69.49359468339114
1707958093.860948,0,0,1,23.723359375,228458,42.334633448522425,1004.9160256853663,69.61823481773273
1707958094.8719823,0,0,0,23.706953125,229893,42.29721252598672,1004.8869648140294,69.86181272122859
1707958095.8830485,0,0,0,23.6903515625,231184,42.22420256493815,1004.8661476484949,70.03629831640362
1707958096.8959641,0,0,0,23.67765625,230214,42.16351477228684,1004.843272690982,70.22803531491577
1707958097.908897,1,1,2,23.6637890625,230214,42.138271984206575,1004.8115897234936,70.49360654583936
1707958098.9216766,2,2,3,23.6462109375,231672,42.13039776634495,1004.7891449689834,70.6817458380586
1707958099.9344919,2,2,3,23.6313671875,231346,42.122827564712075,1004.7695441336323,70.84604925076715
1707958100.948078,2,2,3,23.6173046875,231672,42.12126931787387,1004.7461046351898,71.04253354880612
1707958101.961776,1,1,2,23.6044140625,232818,42.13169057541908,1004.7177643222104,71.2801044463655
1707958102.9752965,1,1,2,23.59171875,232489,42.13028389345283,1004.6897499575034,71.51494832073284
1707958103.9882743,1,1,2,23.5766796875,233313,42.12861775673035,1004.6663969857487,71.71071988088227
1707958105.002314,1,1,2,23.5583203125,233810,42.09696495971562,1004.6495040315805,71.85233841505448
1707958106.0155685,1,1,2,23.5391796875,234476,42.059311846101274,1004.6313083765249,72.00488002548882
1707958107.0285144,0,1,2,23.524921875,234476,42.01628902093715,1004.6161107010655,72.13229006263985
1707958108.0407856,0,1,2,23.5110546875,234309,41.99699799047958,1004.599850570846,72.26860894011436
1707958109.0537224,0,1,2,23.494453125,235145,42.036603564391505,1004.5944520740221,72.31386832245187
1707958110.0664542,0,1,2,23.462421875,237691,42.04490519763063,1004.5821792045328,72.41676112139994
1707958111.0813286,0,1,2,23.4175,238552,42.004426047279196,1004.5706857364395,72.51312052859775
1707958112.0954473,0,1,2,23.376875,239245,41.9466872441571,1004.5560699363958,72.63565835929047
1707958113.1090806,0,0,0,23.331171875,240643,41.87659046260684,1004.5483988406381,72.69997285958065
1707958114.1218784,0,0,0,23.2940625,241526,41.80747825398865,1004.5413443678391,72.75911794130045
1707958115.1358643,0,0,0,23.239375,242951,41.75419982740536,1004.5375185660579,72.79119381112989
1707958116.1497958,1,1,1,23.1891796875,244393,41.695535468880394,1004.5291826679821,72.86108308073968
1707958117.1630177,1,1,1,23.1284375,245486,41.65345941816825,1004.5255114539418,72.89186317271556
1707958118.1759567,1,1,1,23.065546875,245670,41.64068053591375,1004.5250905807748,72.89539185178587
1707958119.1888998,2,2,2,23.0032421875,247144,41.604366738598,1004.5222054001335,72.91958177623822
1707958120.2023969,2,2,2,22.9434765625,247144,41.59784526820511,1004.5235379761086,72.90840918902882
1707958121.2148776,2,2,2,22.8821484375,248449,41.62655768789137,1004.5205368037634,72.93357164351045
1707958122.227378,1,2,2,22.84015625,247330,41.64558017954583,1004.5172515830004,72.96111568891763
1707958123.238456,1,2,2,22.7907421875,247888,41.66969569347676,1004.508425085593,73.03511943163558
1707958124.2494917,1,2,2,22.742109375,248637,41.68209508509578,1004.5008922631444,73.09827706984991
1707958125.2605486,2,2,2,22.6907421875,248262,41.717805008917985,1004.4990556194659,73.11367614712377
1707958126.2716198,2,2,2,22.64171875,248449,41.753775328677236,1004.4891403948109,73.19680932950159
1707958127.2826495,2,2,2,22.59640625,249201,41.790155507438826,1004.4836960983931,73.24245675601648
1707958128.2953608,1,1,1,22.56125,249768,41.833555121501796,1004.4866340047092,73.21782400499208
1707958129.308437,1,1,1,22.52765625,250338,41.883040470197756,1004.492173064668,73.1713821501436
1707958130.3214092,1,1,1,22.488984375,249201,41.931981600930605,1004.4892335818641,73.19602800913154
1707958131.3343482,1,1,1,22.45578125,249768,42.005172886896275,1004.495412914475,73.14421795563926
1707958132.347075,1,1,1,22.4301953125,249201,42.09696631199177,1004.4920612667358,73.17231950991676
1707958133.3600113,0,0,0,22.3989453125,250719,42.16451726856578,1004.48438663349,73.23666698851193
1707958134.3735895,0,0,0,22.3649609375,249013,42.237708696607854,1004.4892483797562,73.19590393724121
1707958135.3865385,0,0,0,22.333125,249579,42.32892618204908,1004.4942694474287,73.15380523185826
1707958136.4004593,0,0,0,22.303046875,249958,42.42630516406664,1004.4953786088251,73.14450558753515
1707958137.4137514,1,1,1,22.276875,249579,42.5182376211159,1004.5012928846755,73.09491811872007
1707958138.4278443,1,1,1,22.2512890625,251293,42.580628485157845,1004.5064715819519,73.05149820593763
1707958139.4410973,1,1,1,22.2284375,250910,42.63740967959291,1004.5025313149085,73.08453469307743
1707958140.454071,1,1,1,22.21125,250148,42.69483406617868,1004.5012031667112,73.09567034543846
1707958141.467079,1,1,1,22.1962109375,250528,42.740643374562765,1004.5051695637231,73.06241474085179
1707958142.4801092,1,1,1,22.1825390625,250338,42.81036326338063,1004.5045775379014,73.0673784774086
1707958143.4927979,1,1,1,22.1676953125,249579,42.86810074047317,1004.5105775474004,73.01707256083888
1707958144.5057743,0,0,0,22.1469921875,249013,42.919264073163056,1004.5119250461387,73.0057747523345
1707958145.518708,0,0,0,22.1255078125,248262,43.006013926892955,1004.5102568031248,73.01976177288836
1707958146.5312276,0,0,0,22.10421875,249579,43.110667936772984,1004.5191702956987,72.94502875211336
1707958147.544199,1,1,1,22.0841015625,250719,43.19171005215475,1004.5197801300324,72.93991576339533
1707958148.5570908,1,1,1,22.0676953125,249768,43.2612963910737,1004.512906958049,72.9975421343692
1707958149.5700321,1,1,1,22.0505078125,251293,43.33082158226294,1004.5098571447276,73.02311262454973
1707958150.5829542,1,1,1,22.03390625,251101,43.37065418997771,1004.51975030555,72.94016581852597
1707958151.5959125,1,1,1,22.010859375,251870,43.41573079636344,1004.5137534284164,72.99044510056522
1707958152.608883,1,1,1,21.991328125,251870,43.449293086616144,1004.5204611657291,72.9342058093427
1707958153.6221666,1,1,1,21.9762890625,252642,43.47740430220653,1004.5209925709266,72.92975039269592
1707958154.635484,1,1,1,21.965546875,251870,43.506000964046116,1004.5201506288178,72.93680941916683
1707958155.6488044,0,1,1,21.955,253420,43.53462369138558,1004.5162158592899,72.9697994495042
1707958156.6622882,0,1,1,21.942109375,253420,43.57491294170149,1004.518622744947,72.94961954336921
1707958157.675895,0,1,1,21.9286328125,253420,43.597253230338694,1004.5166322135223,72.96630863304674
1707958158.6891167,0,1,1,21.916328125,254006,43.61972742173949,1004.514888449866,72.98092878496767
1707958159.7019656,0,1,1,21.9044140625,254595,43.62435395150794,1004.5291780362751,72.86112191371363
1707958160.714886,0,1,1,21.8856640625,254202,43.65207200555924,1004.5286343009584,72.8656806786975
1707958161.7278416,0,1,1,21.863203125,254792,43.64954947191136,1004.5218927171982,72.92220337511995
1707958162.740754,0,1,1,21.8446484375,254990,43.653430871038665,1004.5233808550762,72.90972652300614
1707958163.753683,0,1,1,21.8274609375,256979,43.663430937837234,1004.5271503369592,72.87812248345293
1707958164.7665887,0,1,1,21.8055859375,257180,43.65501022158759,1004.5282173347034,72.86917659268704
1707958165.7795265,0,1,1,21.778828125,257784,43.669900963043624,1004.5296720869451,72.85697971458305
1707958166.7924821,0,1,1,21.745625,258797,43.660210071101986,1004.5254861061997,72.89207569287535
1707958167.805367,0,1,1,21.725703125,256979,43.68779810555256,1004.5212637634614,72.9274766562923
1707958168.8183093,0,1,1,21.7040234375,256979,43.697295312369015,1004.5243556622518,72.9015535485232
1707958169.8311865,0,1,1,21.6833203125,259000,43.706902493381776,1004.5273677173443,72.87629992866947
1707958170.8441737,0,1,1,21.6596875,257582,43.722146966452414,1004.5340269245409,72.82046813727015
1707958171.8570485,0,1,1,21.6356640625,257582,43.755247972550514,1004.5366139962939,72.79877782069913
1707958172.8699112,0,1,1,21.608515625,256979,43.788002843228085,1004.5271455926799,72.87816226031951
1707958173.882769,0,1,1,21.58234375,259408,43.820872073271374,1004.5261387827552,72.88660353324646
1707958174.8956697,0,1,1,21.560859375,259817,43.8542729301594,1004.5295422994491,72.85806787336249
1707958175.9086099,0,1,1,21.5298046875,259817,43.88063214999334,1004.5237900556535,72.90629570435313
1707958176.9214854,0,1,1,21.50265625,259204,43.91937620585186,1004.5211431083073,72.9284882549328
1707958177.9343526,0,1,1,21.4774609375,260228,43.98223970950283,1004.5251716634295,72.89471203960397
1707958178.9471757,0,1,1,21.4540234375,260228,44.02142004341203,1004.5201782546407,72.9365777981607
1707958179.9601362,0,1,1,21.4278515625,259408,44.07225187385211,1004.510614891329,73.01675945867066
1707958180.973002,0,1,1,21.4016796875,261260,44.099185572468734,1004.5061725522204,73.05400536529471
1707958181.985868,0,1,1,21.38,260434,44.13260703776264,1004.5006937636241,73.0999413596989
1707958182.9987388,0,1,1,21.3618359375,259204,44.160451147614445,1004.4891330195574,73.19687116680039
1707958184.011653,0,1,1,21.3438671875,259613,44.206261591716896,1004.4915586358725,73.17653377451803
1707958185.0246007,0,1,1,21.3278515625,259817,44.2223955480801,1004.4972457788358,73.12885052036233
1707958186.0374656,0,1,1,21.313203125,260846,44.2506483747549,1004.4983856058343,73.11929378664573
1707958187.0503225,0,1,1,21.297578125,260023,44.28477756188147,1004.4978928284395,73.12342541462174
1707958188.062448,0,1,1,21.2817578125,260434,44.32487457592876,1004.5004875615314,73.10167023090995
1707958189.0769157,0,0,0,21.265546875,260434,44.34697965502215,1004.5007209882259,73.0997130990362
1707958190.0901198,0,0,0,21.251875,259613,44.37535993532827,1004.5017809099945,73.0908263451114
1707958191.102971,0,0,0,21.2348828125,260023,44.41534214965362,1004.493877475405,73.15709168108302
1707958192.1159005,0,0,0,21.212421875,260846,44.44273650296063,1004.4904936236021,73.18546328258358
1707958193.1290114,0,1,1,21.185078125,262510,44.48754798174619,1004.5028495767925,73.08186627749498
1707958194.142424,0,1,1,21.1594921875,262301,44.520587060085006,1004.5027744341438,73.08249629888628
1707958195.155301,0,1,1,21.1348828125,262929,44.58969317427799,1004.5043283056226,73.06946812239835
1707958196.168097,0,1,1,21.1165234375,262092,44.61158123011253,1004.5112028618004,73.0118297474686
1707958197.1806912,0,1,1,21.098359375,262510,44.675455521658975,1004.5149880043947,72.9800940942744
1707958198.1931486,0,1,1,21.07609375,262301,44.70290430679595,1004.5153307738797,72.9772202275318
1707958199.2055852,0,1,1,21.057734375,261883,44.7427947456507,1004.5136653199594,72.99118382519192
1707958200.2180688,0,1,1,21.044453125,263139,44.77727204712302,1004.5170717113594,72.96262377617249
1707958201.230846,0,1,1,21.02609375,265686,44.81117742405554,1004.5205240485903,72.93367858566764
1707958202.2432628,0,1,1,21.009296875,262719,44.857267875974166,1004.5231727034369,72.91147170799026
1707958203.2561533,0,1,1,20.9923046875,262301,44.885340079197114,1004.5220801548036,72.92063185910185
1707958204.2686975,0,1,1,20.9727734375,262719,44.9311358827996,1004.5235691563569,72.90814776764626
1707958205.2812197,0,1,1,20.9548046875,264832,44.959106540816926,1004.5276680121028,72.87378220594383
1707958206.2940643,0,1,1,20.9346875,265258,44.968821427562226,1004.5247610568019,72.89815464302367
1707958207.3068314,0,1,1,20.910078125,264832,45.00805008823932,1004.5245825946473,72.89965090375192
1707958208.319604,0,1,1,20.881953125,264619,45.02285910183683,1004.5253504567496,72.89321300303851
1707958209.3324087,0,1,1,20.8481640625,263771,45.07306385017808,1004.5166465443629,72.96618847976889
1707958210.3453348,0,1,1,20.824140625,264194,45.1364140259775,1004.5089072478263,73.03107683940297
1707958211.3585174,0,1,1,20.79796875,263983,45.18150504525714,1004.5095176940958,73.02595867773398
1707958212.3712149,0,1,1,20.7723828125,264406,45.22066037544948,1004.5042801616025,73.0698717776696
1707958213.38488,0,1,1,20.7512890625,265901,45.28439177370047,1004.5031380178824,73.07944789015144
1707958214.3976614,0,1,1,20.73,263771,45.33007370351961,1004.5016674514195,73.0917776210271
1707958215.4101722,0,1,1,20.7075390625,265045,45.36359773574554,1004.5016476474141,73.09194366466355
1707958216.4230657,0,2,2,20.6844921875,264832,45.42113212085304,1004.5125871413006,73.00022356472435
1707958217.4355316,0,2,2,20.6583203125,265258,45.45424472488625,1004.5131811338383,72.99524337073734
1707958218.4483604,0,2,2,20.6341015625,264194,45.51166990216506,1004.5153319682341,72.97721021376037
1707958219.4607615,0,2,2,20.6075390625,265686,45.57486541363082,1004.5118554588295,73.00635819160912
1707958220.4736428,0,2,2,20.585859375,265045,45.62056672265541,1004.5080126038395,73.0385778031488
1707958221.4865172,0,2,2,20.57140625,265686,45.66710941661323,1004.5111349659148,73.01239900570931
1707958222.4983258,0,2,2,20.55734375,265045,45.70165287822769,1004.5132039066168,72.99505243765832
1707958223.5107977,0,2,2,20.5407421875,264406,45.729881475870556,1004.5178481067538,72.9561142913424
1707958224.5242763,0,2,2,20.5251171875,262719,45.770285120816304,1004.5173020433494,72.96069261720616
1707958225.5375874,0,1,1,20.5110546875,264194,45.835002626144444,1004.5159569723911,72.97197002163927
1707958226.5515323,0,1,1,20.4985546875,263560,45.93009567931006,1004.5206347989997,72.93275003005999
1707958227.5649257,0,1,1,20.4876171875,263560,46.00126770583559,1004.5142818272782,72.98601486573472
1707958228.577779,0,1,1,20.47765625,264406,46.04842234894666,1004.5146776608427,72.98269609440932
1707958229.5912158,0,1,1,20.4690625,263349,46.06554622228863,1004.5224753774713,72.91731823052345
1707958230.6044807,0,1,1,20.46046875,263139,46.1068339791765,1004.5200408032542,72.93773022102019
1707958231.6179907,0,1,1,20.453828125,266116,46.11814749966604,1004.5140511983982,72.98794851860335
1707958232.630929,0,1,1,20.442890625,265045,46.147090028163014,1004.5162228440372,72.96974088765583
1707958233.6438322,0,1,1,20.426875,266116,46.17544826717217,1004.5167220597951,72.96555533991203
1707958234.6567194,0,2,2,20.41671875,264832,46.20448951796104,1004.513378140794,72.9935916116986
1707958235.6695538,0,2,2,20.4032421875,265686,46.27547064308697,1004.5113014412461,73.01100322965958
1707958236.682421,0,2,2,20.3837109375,268065,46.32158165928803,1004.5127385226446,72.99895434239451
1707958237.6952574,0,2,2,20.3684765625,266546,46.36215294729541,1004.521360441488,72.92666608709193
1707958238.70821,0,2,2,20.355,265901,46.40898760268276,1004.5192808541453,72.94410180495467
1707958239.7210665,0,2,2,20.346796875,265686,46.45644713630626,1004.515790761343,72.9733635766314
1707958240.7339623,0,1,1,20.340546875,267847,46.50414627343572,1004.5189771420253,72.9466481966406
1707958241.7468448,0,1,1,20.3348828125,266978,46.551926213344224,1004.5180284297172,72.95460242103613
1707958242.7597208,0,1,1,20.33,265686,46.599809885559715,1004.5115665000045,73.00878090279153
1707958243.772521,0,1,1,20.321796875,267412,46.629142692158226,1004.5080757326604,73.03804851199031
1707958244.7852693,0,1,1,20.308125,266331,46.663901137903984,1004.50737199974,73.0439488235485
1707958245.7980747,0,1,1,20.2981640625,267195,46.7051596789734,1004.5060550553685,73.054990496036
1707958246.8108976,0,1,1,20.291328125,268065,46.7407301263171,1004.506555032302,73.05079853205667
1707958247.8238208,0,1,1,20.28703125,266762,46.7462902236052,1004.5130066069411,72.99670665117227
1707958248.8367493,0,1,1,20.2805859375,267195,46.75766190234716,1004.5124547329432,73.00133371250854
1707958249.8496294,0,0,0,20.2735546875,266978,46.78715552009693,1004.5126274016044,72.99988601138368
1707958250.8625674,0,0,0,20.2700390625,267847,46.792808153739216,1004.5169756352632,72.96342930144213
1707958251.8754637,0,0,0,20.265546875,267195,46.81653948347717,1004.5128711361862,72.99784247454397
1707958252.8883848,0,1,1,20.26046875,266331,46.8402052720875,1004.5146055783214,72.98330045289613
1707958253.901354,0,1,1,20.256953125,267195,46.83979393236818,1004.5155439927361,72.97543254668858
1707958254.9141278,0,1,1,20.2544140625,266331,46.84556225937435,1004.5232301226398,72.91099029387554
1707958255.926911,1,1,1,20.2505078125,268283,46.832974715414906,1004.5303339423871,72.8514306162394
1707958256.9397235,1,1,1,20.24640625,263983,46.83249492241035,1004.5251777732129,72.89466081403359
1707958257.9526396,1,1,1,20.2419140625,266116,46.88049571277321,1004.5210728960378,72.92907692967772
1707958258.9654868,0,0,0,20.241328125,263771,46.941104081835704,1004.5217974839768,72.92300183042039
1707958259.978354,0,0,0,20.2368359375,265686,47.01948896979088,1004.5245113872049,72.90024792058142
1707958260.991179,0,0,0,20.2173046875,268502,47.06577450265511,1004.5310472971348,72.84544974306449
1707958262.0040636,0,1,1,20.1942578125,267195,47.09950917371704,1004.5282907820036,72.86856079829757
1707958263.0170128,1,2,2,20.1731640625,269601,47.127403518839884,1004.5287994854782,72.86429574471285
1707958264.0298724,1,2,2,20.154609375,268721,47.17382752097088,1004.5233269309781,72.91017863339974
1707958265.0427754,1,1,1,20.1383984375,269160,47.196228312613734,1004.5234785857709,72.90890712940748
1707958266.0556824,1,1,1,20.1284375,269380,47.24367873604158,1004.5068144677824,73.04862334399452
1707958267.069984,1,1,1,20.1239453125,268721,47.26138665407427,1004.5146389881929,72.98302033589363
1707958268.0897586,1,2,2,20.117890625,269160,47.29107209340071,1004.5079185193547,73.03936663603017
1707958269.10383,1,2,2,20.110859375,269380,47.32672839477776,1004.5063817605218,73.05225129701039
1707958270.116625,1,2,2,20.10421875,268721,47.34419089700542,1004.5003852541491,73.1025280122631
1707958271.129521,1,2,2,20.0977734375,269601,47.37384323567151,1004.506645812747,73.05003740041248
1707958272.142348,1,2,2,20.0909375,270487,47.39128686186395,1004.502026604464,73.0887663580369
1707958273.1552641,0,1,1,20.0852734375,268941,47.427123143790475,1004.4942549241553,73.15392700073619
1707958274.1683726,0,1,1,20.07765625,271155,47.4323093467582,1004.5036671078457,73.07501182298626
1707958275.1813993,0,1,1,20.0690625,269380,47.425211134869095,1004.5063321731342,73.0526670532574
1707958276.1943064,0,1,1,20.0602734375,269601,47.466770318972195,1004.5342337171184,72.81873436209922
1707958277.2068477,1,2,2,20.05421875,269601,47.45388473854986,1004.5633008171596,72.57503498751288
1707958278.2197995,1,2,2,20.0591015625,270043,47.472717967952164,1004.5953300131804,72.30650792978649
1707958279.232398,1,2,2,20.0938671875,268502,47.50116918413775,1004.617709675385,72.1188849537837
1707958280.2449582,1,2,2,20.1364453125,269380,47.50619924345463,1004.6412268016833,71.92172953771542
1707958281.2574608,1,2,2,20.1762890625,268283,47.52917423493255,1004.6635732395595,71.73439202993207
1707958282.270343,1,2,2,20.213203125,266116,47.545719478420345,1004.6793092015096,71.60247433139506
1707958283.2832491,1,2,2,20.245625,266762,47.531286979972364,1004.6977538653267,71.44785117612847
1707958284.2961154,1,2,2,20.277265625,268065,47.52285240382893,1004.716593523882,71.28991911981318
1707958285.3090422,1,2,2,20.304609375,267847,47.5017315974888,1004.7418812205656,71.07793720343307
1707958286.321889,0,2,2,20.328828125,267847,47.46197868542448,1004.7772843539329,70.78116677686731
1707958287.3354263,0,2,2,20.353828125,268502,47.44667320775758,1004.8156996479719,70.45915617976502
1707958288.3484042,0,2,2,20.3786328125,266116,47.40699915255584,1004.8520833205362,70.1541845443842
1707958289.361338,1,2,2,20.402265625,266978,47.37936412742424,1004.8796858503155,69.9228233034023
1707958290.3742435,1,2,2,20.4243359375,264406,47.36371732981466,1004.9183155988063,69.5990418188908
1707958291.386321,0,1,1,20.4469921875,266546,47.34205624271916,1004.9425786383634,69.39568238153286
1707958292.3981118,0,1,1,20.46984375,266116,47.33867268429442,1004.9603465108154,69.24676437993448
1707958293.4092135,0,1,1,20.48703125,266978,47.34678928046972,1004.978869583843,69.0915190798154
1707958294.420267,0,2,2,20.507734375,266546,47.324898535656295,1004.9947468691114,68.95845046021147
1707958295.4313483,0,2,2,20.52765625,269160,47.31508525114839,1004.9990832559072,68.92210720023425
1707958296.4423838,0,2,2,20.5503125,266116,47.29342819351633,1005.0028759837733,68.89032045011585
1707958297.4534805,0,2,2,20.57609375,269160,47.27214240433955,1005.0153058269862,68.78614694963487
1707958298.4663424,0,1,1,20.6024609375,266116,47.26917595328794,1005.0577107655142,68.43076247431789
1707958299.479149,0,1,1,20.62609375,267847,47.290220975641766,1005.0767782548133,68.27096689100951
1707958300.4920065,0,1,1,20.650703125,265901,47.305301083331585,1005.0974783793251,68.09749174526226
1707958301.5045524,0,1,1,20.6743359375,265472,47.314183079544684,1005.101190710775,68.06638126057112
1707958302.5166752,0,1,1,20.7001171875,265686,47.329406829379266,1005.1050829276733,68.033763380147
1707958303.529588,0,1,1,20.7221875,266116,47.34419382535697,1005.1078829101824,68.01029879662903
1707958304.5425026,0,1,1,20.745234375,267629,47.33475151682586,1005.1191387868001,67.91597214964861
1707958305.5554204,0,1,1,20.7692578125,267847,47.33151182222136,1005.135438939793,67.77937490681997
1707958306.568359,0,1,1,20.792890625,265901,47.32213971636125,1005.1323161195561,67.80554437715227
1707958307.581289,0,1,1,20.8175,265045,47.30679765897981,1005.1342365889922,67.78945068988536
1707958308.5938127,0,1,1,20.8430859375,264619,47.29157229158854,1005.1412006110934,67.73109183729903
1707958309.6067033,0,1,1,20.867109375,264619,47.26399240421284,1005.1387232691545,67.75185204880397
1707958310.6196532,0,1,1,20.891328125,263983,47.24252314516587,1005.1331569358467,67.7984982664114
1707958311.6326313,0,1,1,20.914375,263139,47.263508713455046,1005.1324537376396,67.80439112579242
1707958312.6455202,0,1,1,20.938203125,263349,47.30285078250389,1005.1313481491657,67.81365605577355
1707958313.6583982,1,1,1,20.9618359375,261883,47.34827000268207,1005.128206680944,67.83998188458241
1707958314.6712694,1,1,1,20.9868359375,261053,47.39995737902886,1005.1222287865764,67.89007744204557
1707958315.684216,1,1,1,21.010859375,260846,47.46373344128267,1005.1231484420501,67.88237058999158
1707958316.6971078,1,1,1,21.033515625,260228,47.50908898211161,1005.1303134934299,67.82232657055678
1707958317.7099395,1,1,1,21.056171875,259817,47.560556107025306,1005.1272354199097,67.84812116604785
1707958318.7227623,1,1,1,21.0798046875,259817,47.59996134491105,1005.1240808794718,67.87455662910486
1707958319.7356682,1,1,1,21.1048046875,259204,47.62734228671038,1005.1197956932684,67.91046715974227
1707958320.7485855,1,1,1,21.128828125,259000,47.64241226120062,1005.127531195855,67.84564252823874
1707958321.761436,1,1,1,21.1524609375,256779,47.64523686899107,1005.127782993134,67.84353243737348
1707958322.774343,1,1,1,21.1755078125,256579,47.660194115649475,1005.1287598561499,67.83534621427204
1707958323.787208,1,1,1,21.1973828125,257381,47.65060797166704,1005.132896903169,67.80067736146117
