Time,Temperature,Gas,Humidity,Pressure,Altitude,pm10 standard,pm25 standard,pm100 env
1707958024.0069196,34.505,173755,100,751.8949906571423,2446.537892247193,0,0,0
1707958025.0202715,24.02570313,38456,44.327130476548945,1005.1851148884568,67.36309554,0,0,0
1707958026.0335326,24.05988281,62674,44.18097467747012,1005.1803513064556,67.40301315,0,0,0
1707958027.0449548,24.09660156,83393,44.02922769370552,1005.1695243104832,67.49374119705801,0,0,0
1707958028.056274,24.13410156,98820,43.86570912741655,1005.1702819001872,67.48739272214105,0,0,0
1707958029.0693793,24.16691406,111074,43.70179562479404,1005.1666520674466,67.51781014814318,0,0,0
1707958030.082284,24.19464844,121907,43.549407618868756,1005.1631307696003,67.54731815383535,0,0,0
1707958031.093332,24.22101563,130350,43.42687004,1005.1624732012175,67.55282849834468,0,0,0
1707958032.1044252,24.24269531,136735,43.375561929739256,1005.1642934256338,67.53757524229292,0,0,0
1707958033.1160846,24.25988281,143530,43.34764912238902,1005.1603419105081,67.57068847998416,0,0,0
1707958034.127145,24.27335938,149154,43.319317091166866,1005.1587824081878,67.58375695725975,0,0,0
1707958035.1383042,24.28,154663,43.26035279183979,1005.1612703353392,67.56290837828357,0,0,0
1707958036.1512072,24.28429688,158168,43.177267650756875,1005.1615683380951,67.56041114800178,0,0,0
1707958037.164242,24.28195313,162149,43.11733134614234,1005.1576631852305,67.59313594655575,0,0,0
1707958038.1767402,24.27882813,163734,43.06329220765587,1005.1644638216233,67.53614734606671,0,0,0
1707958039.189667,24.27570313,168173,43.098725369079325,1005.1575415562005,67.59415518756938,0,0,0
1707958040.2023501,24.27296875,170918,43.16404504430158,1005.1598468845484,67.57483674744594,0,0,0
1707958041.2151062,24.26925781,172503,43.25913040939823,1005.1673863154791,67.51165725823398,0,0,0
1707958042.2279766,24.2659375,174661,43.42004285,1005.1635692148079,67.54364403698627,0,0,0
1707958043.2405236,24.26242188,176874,43.599033592656134,1005.1559960392283,67.60710649813822,0,0,2
1707958044.2529984,24.25929688,178381,43.79023699705094,1005.1490737620496,67.66511483,0,0,2
1707958045.2643368,24.25519531,180108,43.963554791785484,1005.1422396338312,67.72238480299298,0,0,2
1707958046.2755077,24.24933594,182661,44.12484196593096,1005.144483565102,67.70358063248993,0,0,2
1707958047.286349,24.24269531,184268,44.286189773832035,1005.1454255431419,67.69568685554285,0,0,2
1707958048.2978332,24.23820313,185493,44.40585337643311,1005.1499471777884,67.65779563590571,0,0,2
1707958049.3093278,24.233125,186734,44.49545667377574,1005.1552075595989,67.61371390157883,0,0,1
1707958050.320988,24.22921875,186958,44.567190630080674,1005.1538443127397,67.62513782358893,0,0,1
1707958051.3322222,24.22570313,187490,44.63899962384579,1005.151416694427,67.64548114177084,0,0,1
1707958052.3435977,24.22199219,188563,44.680708139914984,1005.1452331843849,67.69729882163607,0,0,1
1707958053.3551178,24.21808594,188563,44.75854165216481,1005.1421546306336,67.72309713145798,0,0,1
1707958054.3688793,24.21203125,190527,44.81205487,1005.1475023778464,67.67828299972751,0,0,1
1707958055.3804576,24.20714844,191524,44.847640153027235,1005.1565177683692,67.60273445,0,0,1
1707958056.3932035,24.20363281,192983,44.86530965699117,1005.1558050314545,67.60870712936469,0,0,1
1707958057.4072819,24.19992188,194235,44.88295795922873,1005.1547667884201,67.61740753465888,0,0,1
1707958058.4207945,24.19738281,197141,44.90677376536768,1005.1659721152676,67.52350805007696,0,0,1
1707958059.4344602,24.19386719,197733,44.894305073734316,1005.1635440507176,67.54385491,0,0,1
1707958060.4481623,24.18839844,197971,44.881608755116225,1005.1612915552644,67.56273055762708,0,0,1
1707958061.4610307,24.18195313,200869,44.83263972514428,1005.1677022501323,67.50900977369037,0,0,1
1707958062.4739602,24.1753125,201607,44.75354461488721,1005.1686419032443,67.50113563,0,0,1
1707958063.4868772,24.16945313,202599,44.65651892046486,1005.1657380299393,67.52546965234554,0,0,1
1707958064.499839,24.16378906,204105,44.58965623752576,1005.1717348080691,67.47521760811891,0,0,1
1707958065.5126321,24.15871094,204613,44.52288903211188,1005.1752776995719,67.44552886,0,0,1
1707958066.526669,24.1534375,205892,44.438090019778535,1005.1767799093568,67.43294065204812,0,0,1
1707958067.540011,24.14835938,206408,44.38340354138313,1005.1888975513649,67.33139789832548,0,0,1
1707958068.552854,24.14289063,205892,44.33469811185677,1005.1797838849031,67.40776800966819,0,0,1
1707958069.5649989,24.13761719,207579,44.304049771705635,1005.1795706632698,67.40955475720025,0,0,1
1707958070.5778644,24.12570313,209827,44.27864449037009,1005.1871551432573,67.34599877347188,0,0,1
1707958071.5907042,24.11222656,212261,44.20503094771444,1005.1887048497957,67.33301268064272,0,0,1
1707958072.6047935,24.09953125,211715,44.095543497097815,1005.1984152659944,67.25164256882958,0,0,1
1707958073.6176462,24.08859375,213085,44.01631201022393,1005.2007650862691,67.23195193911481,0,0,0
1707958074.6305099,24.07238281,215314,43.93651363044129,1005.2063290097727,67.18532845498571,0,0,0
1707958075.6434708,24.05382813,215174,43.844507403131715,1005.2079851325071,67.17145084012985,0,0,0
1707958076.6563458,24.03429688,217734,43.710544430032016,1005.2028677926882,67.21433206,0,0,0
1707958077.669515,24.01261719,218022,43.570470284172785,1005.2061707360548,67.18665472342349,0,0,0
1707958078.682363,23.98917969,219329,43.41239854540495,1005.2013975942953,67.22665176083873,0,0,0
1707958079.6951675,23.96535156,220062,43.272347550939344,1005.1959712341489,67.27212269640037,0,0,0
1707958080.7079804,23.94601563,222290,43.144859772433186,1005.1551686695286,67.61403979772118,0,0,0
1707958081.7208557,23.92785156,222590,43.01760875301645,1005.1403222654113,67.73845239988329,0,0,0
1707958082.733699,23.90929688,223194,42.89041743578203,1005.1316816502118,67.81086128640212,0,0,1
1707958083.7447884,23.89054688,224105,42.775208517420396,1005.1278574382443,67.84290857866573,0,0,1
1707958084.7558599,23.87453125,223800,42.69607328300209,1005.1097326588776,67.99479744927582,0,0,1
1707958085.7662904,23.85285156,223800,42.634178989968504,1005.1027370547953,68.05342244729484,0,0,1
1707958086.777375,23.83292969,226105,42.60222474807981,1005.0763856633872,68.27425698877784,0,0,1
1707958087.788722,23.81496094,225332,42.56455501774206,1005.0652887636662,68.36725457244644,0,0,2
1707958088.8016102,23.79738281,226260,42.53288054,1005.0359872564691,68.61281989063907,0,0,1
1707958089.8145392,23.78019531,227511,42.48343948717885,1005.0124792344732,68.80983629891999,0,0,1
1707958090.8273866,23.76554688,227354,42.41648864405508,1004.9863475625892,69.02884541367295,0,0,1
1707958091.838864,23.75050781,227511,42.38513207238007,1004.9629929184927,69.22458420598551,0,0,1
1707958092.8499022,23.73742188,229413,42.37180361006633,1004.9308965540456,69.49359468339114,0,0,1
1707958093.860948,23.72335938,228458,42.334633448522425,1004.9160256853663,69.61823481773273,0,0,1
1707958094.8719823,23.70695313,229893,42.29721252598672,1004.8869648140294,69.86181272122859,0,0,0
1707958095.8830485,23.69035156,231184,42.22420256493815,1004.8661476484949,70.03629831640362,0,0,0
1707958096.8959641,23.67765625,230214,42.16351477228684,1004.843272690982,70.22803531491577,0,0,0
1707958097.908897,23.66378906,230214,42.138271984206575,1004.8115897234936,70.49360654583936,1,1,2
1707958098.9216766,23.64621094,231672,42.13039776634495,1004.7891449689834,70.68174584,2,2,3
1707958099.9344919,23.63136719,231346,42.122827564712075,1004.7695441336323,70.84604925076715,2,2,3
1707958100.948078,23.61730469,231672,42.12126931787387,1004.7461046351898,71.04253354880612,2,2,3
1707958101.961776,23.60441406,232818,42.13169057541908,1004.7177643222104,71.28010445,1,1,2
1707958102.9752965,23.59171875,232489,42.13028389345283,1004.6897499575034,71.51494832073284,1,1,2
1707958103.9882743,23.57667969,233313,42.12861775673035,1004.6663969857487,71.71071988088227,1,1,2
1707958105.002314,23.55832031,233810,42.09696495971562,1004.6495040315805,71.85233841505448,1,1,2
1707958106.0155685,23.53917969,234476,42.059311846101274,1004.6313083765249,72.00488002548882,1,1,2
1707958107.0285144,23.52492188,234476,42.01628902093715,1004.6161107010655,72.13229006263985,0,1,2
1707958108.0407856,23.51105469,234309,41.99699799047958,1004.599850570846,72.26860894011436,0,1,2
1707958109.0537224,23.49445313,235145,42.036603564391505,1004.5944520740221,72.31386832245187,0,1,2
1707958110.0664542,23.46242188,237691,42.04490519763063,1004.5821792045328,72.41676112139994,0,1,2
1707958111.0813286,23.4175,238552,42.004426047279196,1004.5706857364395,72.51312052859775,0,1,2
1707958112.0954473,23.376875,239245,41.94668724,1004.5560699363958,72.63565835929047,0,1,2
1707958113.1090806,23.33117188,240643,41.87659046260684,1004.5483988406381,72.69997285958065,0,0,0
1707958114.1218784,23.2940625,241526,41.80747825398865,1004.5413443678391,72.75911794130045,0,0,0
1707958115.1358643,23.239375,242951,41.75419982740536,1004.5375185660579,72.79119381112989,0,0,0
1707958116.1497958,23.18917969,244393,41.695535468880394,1004.5291826679821,72.86108308073968,1,1,1
1707958117.1630177,23.1284375,245486,41.65345941816825,1004.5255114539418,72.89186317271556,1,1,1
1707958118.1759567,23.06554688,245670,41.64068053591375,1004.5250905807748,72.89539185178587,1,1,1
1707958119.1888998,23.00324219,247144,41.60436674,1004.5222054001335,72.91958177623822,2,2,2
1707958120.2023969,22.94347656,247144,41.59784526820511,1004.5235379761086,72.90840918902882,2,2,2
1707958121.2148776,22.88214844,248449,41.62655768789137,1004.5205368037634,72.93357164351045,2,2,2
1707958122.227378,22.84015625,247330,41.64558017954583,1004.5172515830004,72.96111568891763,1,2,2
1707958123.238456,22.79074219,247888,41.66969569347676,1004.508425085593,73.03511943163558,1,2,2
1707958124.2494917,22.74210938,248637,41.68209508509578,1004.5008922631444,73.09827706984991,1,2,2
1707958125.2605486,22.69074219,248262,41.717805008917985,1004.4990556194659,73.11367614712377,2,2,2
1707958126.2716198,22.64171875,248449,41.753775328677236,1004.4891403948109,73.19680932950159,2,2,2
1707958127.2826495,22.59640625,249201,41.790155507438826,1004.4836960983931,73.24245675601648,2,2,2
1707958128.2953608,22.56125,249768,41.833555121501796,1004.4866340047092,73.21782400499208,1,1,1
1707958129.308437,22.52765625,250338,41.883040470197756,1004.492173064668,73.17138215,1,1,1
1707958130.3214092,22.48898438,249201,41.931981600930605,1004.4892335818641,73.19602800913154,1,1,1
1707958131.3343482,22.45578125,249768,42.005172886896275,1004.495412914475,73.14421795563926,1,1,1
1707958132.347075,22.43019531,249201,42.09696631199177,1004.4920612667358,73.17231950991676,1,1,1
1707958133.3600113,22.39894531,250719,42.16451726856578,1004.484387,73.23666698851193,0,0,0
1707958134.3735895,22.36496094,249013,42.237708696607854,1004.4892483797562,73.19590393724121,0,0,0
1707958135.3865385,22.333125,249579,42.32892618204908,1004.4942694474287,73.15380523185826,0,0,0
1707958136.4004593,22.30304688,249958,42.42630516406664,1004.4953786088251,73.14450558753515,0,0,0
1707958137.4137514,22.276875,249579,42.51823762,1004.5012928846755,73.09491811872007,1,1,1
1707958138.4278443,22.25128906,251293,42.580628485157845,1004.5064715819519,73.05149820593763,1,1,1
1707958139.4410973,22.2284375,250910,42.63740967959291,1004.5025313149085,73.08453469307743,1,1,1
1707958140.454071,22.21125,250148,42.69483406617868,1004.5012031667112,73.09567034543846,1,1,1
1707958141.467079,22.19621094,250528,42.740643374562765,1004.5051695637231,73.06241474085179,1,1,1
1707958142.4801092,22.18253906,250338,42.81036326338063,1004.5045775379014,73.06737848,1,1,1
1707958143.4927979,22.16769531,249579,42.86810074047317,1004.5105775474004,73.01707256083888,1,1,1
1707958144.5057743,22.14699219,249013,42.919264073163056,1004.5119250461387,73.00577475,0,0,0
1707958145.518708,22.12550781,248262,43.006013926892955,1004.5102568031248,73.01976177288836,0,0,0
1707958146.5312276,22.10421875,249579,43.110667936772984,1004.5191702956987,72.94502875211336,0,0,0
1707958147.544199,22.08410156,250719,43.19171005215475,1004.5197801300324,72.93991576339533,1,1,1
1707958148.5570908,22.06769531,249768,43.26129639,1004.512906958049,72.99754213,1,1,1
1707958149.5700321,22.05050781,251293,43.33082158226294,1004.5098571447276,73.02311262454973,1,1,1
1707958150.5829542,22.03390625,251101,43.37065418997771,1004.51975,72.94016581852597,1,1,1
1707958151.5959125,22.01085938,251870,43.41573079636344,1004.5137534284164,72.99044510056522,1,1,1
1707958152.608883,21.99132813,251870,43.449293086616144,1004.5204611657291,72.93420581,1,1,1
1707958153.6221666,21.97628906,252642,43.47740430220653,1004.5209925709266,72.92975039269592,1,1,1
1707958154.635484,21.96554688,251870,43.506000964046116,1004.5201506288178,72.93680941916683,1,1,1
1707958155.6488044,21.955,253420,43.53462369138558,1004.5162158592899,72.96979945,0,1,1
1707958156.6622882,21.94210938,253420,43.57491294170149,1004.518622744947,72.94961954336921,0,1,1
1707958157.675895,21.92863281,253420,43.597253230338694,1004.5166322135223,72.96630863304674,0,1,1
1707958158.6891167,21.91632813,254006,43.61972742173949,1004.514888449866,72.98092878496767,0,1,1
1707958159.7019656,21.90441406,254595,43.62435395150794,1004.5291780362751,72.86112191371363,0,1,1
1707958160.714886,21.88566406,254202,43.65207200555924,1004.5286343009584,72.86568068,0,1,1
1707958161.7278416,21.86320313,254792,43.64954947191136,1004.5218927171982,72.92220337511995,0,1,1
1707958162.740754,21.84464844,254990,43.653430871038665,1004.5233808550762,72.90972652300614,0,1,1
1707958163.753683,21.82746094,256979,43.663430937837234,1004.5271503369592,72.87812248345293,0,1,1
1707958164.7665887,21.80558594,257180,43.65501022158759,1004.5282173347034,72.86917659268704,0,1,1
1707958165.7795265,21.77882813,257784,43.669900963043624,1004.5296720869451,72.85697971458305,0,1,1
1707958166.7924821,21.745625,258797,43.660210071101986,1004.5254861061997,72.89207569287535,0,1,1
1707958167.805367,21.72570313,256979,43.68779810555256,1004.5212637634614,72.92747666,0,1,1
1707958168.8183093,21.70402344,256979,43.697295312369015,1004.5243556622518,72.90155355,0,1,1
1707958169.8311865,21.68332031,259000,43.706902493381776,1004.5273677173443,72.87629992866947,0,1,1
1707958170.8441737,21.6596875,257582,43.722146966452414,1004.5340269245409,72.82046813727015,0,1,1
1707958171.8570485,21.63566406,257582,43.755247972550514,1004.5366139962939,72.79877782069913,0,1,1
1707958172.8699112,21.60851563,256979,43.788002843228085,1004.5271455926799,72.87816226031951,0,1,1
1707958173.882769,21.58234375,259408,43.820872073271374,1004.5261387827552,72.88660353324646,0,1,1
1707958174.8956697,21.56085938,259817,43.85427293,1004.5295422994491,72.85806787336249,0,1,1
1707958175.9086099,21.52980469,259817,43.88063214999334,1004.5237900556535,72.90629570435313,0,1,1
1707958176.9214854,21.50265625,259204,43.91937620585186,1004.5211431083073,72.92848825,0,1,1
1707958177.9343526,21.47746094,260228,43.98223970950283,1004.5251716634295,72.89471203960397,0,1,1
1707958178.9471757,21.45402344,260228,44.02142004341203,1004.5201782546407,72.9365778,0,1,1
1707958179.9601362,21.42785156,259408,44.07225187385211,1004.510614891329,73.01675945867066,0,1,1
1707958180.973002,21.40167969,261260,44.099185572468734,1004.5061725522204,73.05400536529471,0,1,1
1707958181.985868,21.38,260434,44.13260703776264,1004.5006937636241,73.09994136,0,1,1
1707958182.9987388,21.36183594,259204,44.160451147614445,1004.4891330195574,73.19687116680039,0,1,1
1707958184.011653,21.34386719,259613,44.206261591716896,1004.4915586358725,73.17653377451803,0,1,1
1707958185.0246007,21.32785156,259817,44.22239555,1004.4972457788358,73.12885052036233,0,1,1
1707958186.0374656,21.31320313,260846,44.25064837,1004.4983856058343,73.11929378664573,0,1,1
1707958187.0503225,21.29757813,260023,44.28477756188147,1004.4978928284395,73.12342541462174,0,1,1
1707958188.062448,21.28175781,260434,44.32487457592876,1004.5004875615314,73.10167023090995,0,1,1
1707958189.0769157,21.26554688,260434,44.34697965502215,1004.5007209882259,73.0997131,0,0,0
1707958190.0901198,21.251875,259613,44.37535993532827,1004.5017809099945,73.09082635,0,0,0
1707958191.102971,21.23488281,260023,44.41534214965362,1004.493877475405,73.15709168108302,0,0,0
1707958192.1159005,21.21242188,260846,44.44273650296063,1004.4904936236021,73.18546328258358,0,0,0
1707958193.1290114,21.18507813,262510,44.48754798174619,1004.5028495767925,73.08186627749498,0,1,1
1707958194.142424,21.15949219,262301,44.520587060085006,1004.5027744341438,73.08249629888628,0,1,1
1707958195.155301,21.13488281,262929,44.58969317427799,1004.5043283056226,73.06946812239835,0,1,1
1707958196.168097,21.11652344,262092,44.61158123011253,1004.5112028618004,73.01182975,0,1,1
1707958197.1806912,21.09835938,262510,44.675455521658975,1004.5149880043947,72.98009409,0,1,1
1707958198.1931486,21.07609375,262301,44.70290430679595,1004.5153307738797,72.97722023,0,1,1
1707958199.2055852,21.05773438,261883,44.74279475,1004.5136653199594,72.99118382519192,0,1,1
1707958200.2180688,21.04445313,263139,44.77727204712302,1004.5170717113594,72.96262377617249,0,1,1
1707958201.230846,21.02609375,265686,44.81117742405554,1004.5205240485903,72.93367858566764,0,1,1
1707958202.2432628,21.00929688,262719,44.857267875974166,1004.5231727034369,72.91147170799026,0,1,1
1707958203.2561533,20.99230469,262301,44.885340079197114,1004.5220801548036,72.92063185910185,0,1,1
1707958204.2686975,20.97277344,262719,44.93113588,1004.5235691563569,72.90814776764626,0,1,1
1707958205.2812197,20.95480469,264832,44.959106540816926,1004.5276680121028,72.87378220594383,0,1,1
1707958206.2940643,20.9346875,265258,44.968821427562226,1004.5247610568019,72.89815464302367,0,1,1
1707958207.3068314,20.91007813,264832,45.00805008823932,1004.5245825946473,72.89965090375192,0,1,1
1707958208.319604,20.88195313,264619,45.02285910183683,1004.5253504567496,72.89321300303851,0,1,1
1707958209.3324087,20.84816406,263771,45.07306385017808,1004.5166465443629,72.96618847976889,0,1,1
1707958210.3453348,20.82414063,264194,45.13641403,1004.5089072478263,73.03107683940297,0,1,1
1707958211.3585174,20.79796875,263983,45.18150504525714,1004.5095176940958,73.02595867773398,0,1,1
1707958212.3712149,20.77238281,264406,45.22066037544948,1004.5042801616025,73.06987178,0,1,1
1707958213,20.75128906,265901,45.28439177370047,1004.5031380178824,73.07944789015144,0,1,1
1707958214.3976614,20.73,263771,45.33007370351961,1004.5016674514195,73.09177762,0,1,1
1707958215.4101722,20.70753906,265045,45.36359773574554,1004.5016476474141,73.09194366466355,0,1,1
1707958216.4230657,20.68449219,264832,45.42113212085304,1004.5125871413006,73.00022356472435,0,2,2
1707958217.4355316,20.65832031,265258,45.45424472488625,1004.5131811338383,72.99524337073734,0,2,2
1707958218.4483604,20.63410156,264194,45.51166990216506,1004.5153319682341,72.97721021376037,0,2,2
1707958219.4607615,20.60753906,265686,45.57486541363082,1004.5118554588295,73.00635819160912,0,2,2
1707958220.4736428,20.58585938,265045,45.62056672265541,1004.5080126038395,73.0385778,0,2,2
1707958221.4865172,20.57140625,265686,45.66710941661323,1004.5111349659148,73.01239900570931,0,2,2
1707958222.4983258,20.55734375,265045,45.70165287822769,1004.5132039066168,72.99505243765832,0,2,2
1707958223.5107977,20.54074219,264406,45.729881475870556,1004.5178481067538,72.95611429,0,2,2
1707958224.5242763,20.52511719,262719,45.770285120816304,1004.5173020433494,72.96069261720616,0,2,2
1707958225.5375874,20.51105469,264194,45.835002626144444,1004.5159569723911,72.97197002163927,0,1,1
1707958226.5515323,20.49855469,263560,45.93009567931006,1004.5206347989997,72.93275003005999,0,1,1
1707958227.5649257,20.48761719,263560,46.00126770583559,1004.5142818272782,72.98601486573472,0,1,1
1707958228.577779,20.47765625,264406,46.04842234894666,1004.5146776608427,72.98269609440932,0,1,1
1707958229.5912158,20.4690625,263349,46.06554622228863,1004.5224753774713,72.91731823052345,0,1,1
1707958230.6044807,20.46046875,263139,46.10683398,1004.5200408032542,72.93773022102019,0,1,1
1707958231.6179907,20.45382813,266116,46.11814749966604,1004.5140511983982,72.98794851860335,0,1,1
1707958232.630929,20.44289063,265045,46.147090028163014,1004.5162228440372,72.96974088765583,0,1,1
1707958233.6438322,20.426875,266116,46.17544826717217,1004.5167220597951,72.96555533991203,0,1,1
1707958234.6567194,20.41671875,264832,46.20448951796104,1004.513378140794,72.99359161,0,2,2
1707958235.6695538,20.40324219,265686,46.27547064308697,1004.5113014412461,73.01100322965958,0,2,2
1707958236.682421,20.38371094,268065,46.32158165928803,1004.5127385226446,72.99895434239451,0,2,2
1707958237.6952574,20.36847656,266546,46.36215294729541,1004.521360441488,72.92666608709193,0,2,2
1707958239,20.355,265901,46.40898760268276,1004.5192808541453,72.94410180495467,0,2,2
1707958239.7210665,20.34679688,265686,46.45644713630626,1004.515790761343,72.97336358,0,2,2
1707958240.7339623,20.34054688,267847,46.50414627343572,1004.5189771420253,72.9466482,0,1,1
1707958241.7468448,20.33488281,266978,46.551926213344224,1004.5180284297172,72.95460242103613,0,1,1
1707958242.7597208,20.33,265686,46.599809885559715,1004.5115665000045,73.00878090279153,0,1,1
1707958243.772521,20.32179688,267412,46.629142692158226,1004.5080757326604,73.03804851199031,0,1,1
1707958244.7852693,20.308125,266331,46.663901137903984,1004.507372,73.04394882,0,1,1
1707958245.7980747,20.29816406,267195,46.70515968,1004.5060550553685,73.0549905,0,1,1
1707958246.8108976,20.29132813,268065,46.74073013,1004.506555032302,73.05079853205667,0,1,1
1707958247.8238208,20.28703125,266762,46.74629022,1004.5130066069411,72.99670665117227,0,1,1
1707958248.8367493,20.28058594,267195,46.75766190234716,1004.5124547329432,73.00133371250854,0,1,1
1707958249.8496294,20.27355469,266978,46.78715552009693,1004.5126274016044,72.99988601138368,0,0,0
1707958250.8625674,20.27003906,267847,46.792808153739216,1004.5169756352632,72.96342930144213,0,0,0
1707958251.8754637,20.26554688,267195,46.81653948347717,1004.5128711361862,72.99784247454397,0,0,0
1707958252.8883848,20.26046875,266331,46.84020527,1004.5146055783214,72.98330045289613,0,1,1
1707958253.901354,20.25695313,267195,46.83979393236818,1004.5155439927361,72.97543254668858,0,1,1
1707958254.9141278,20.25441406,266331,46.84556225937435,1004.5232301226398,72.91099029387554,0,1,1
1707958255.926911,20.25050781,268283,46.832974715414906,1004.5303339423871,72.85143062,1,1,1
1707958256.9397235,20.24640625,263983,46.83249492241035,1004.5251777732129,72.89466081403359,1,1,1
1707958257.9526396,20.24191406,266116,46.88049571277321,1004.5210728960378,72.92907692967772,1,1,1
1707958258.9654868,20.24132813,263771,46.941104081835704,1004.5217974839768,72.92300183042039,0,0,0
1707958259.978354,20.23683594,265686,47.01948896979088,1004.5245113872049,72.90024792058142,0,0,0
1707958260.991179,20.21730469,268502,47.06577450265511,1004.5310472971348,72.84544974306449,0,0,0
1707958262.0040636,20.19425781,267195,47.09950917371704,1004.5282907820036,72.86856079829757,0,1,1
1707958263.0170128,20.17316406,269601,47.127403518839884,1004.5287994854782,72.86429574471285,1,2,2
1707958264.0298724,20.15460938,268721,47.17382752097088,1004.5233269309781,72.91017863339974,1,2,2
1707958265.0427754,20.13839844,269160,47.196228312613734,1004.5234785857709,72.90890712940748,1,1,1
1707958266.0556824,20.1284375,269380,47.24367873604158,1004.5068144677824,73.04862334399452,1,1,1
1707958267.069984,20.12394531,268721,47.26138665407427,1004.5146389881929,72.98302033589363,1,1,1
1707958268.0897586,20.11789063,269160,47.29107209340071,1004.5079185193547,73.03936663603017,1,2,2
1707958269,20.11085938,269380,47.32672839477776,1004.5063817605218,73.05225129701039,1,2,2
1707958270.116625,20.10421875,268721,47.34419089700542,1004.5003852541491,73.10252801,1,2,2
1707958271.129521,20.09777344,269601,47.37384323567151,1004.506645812747,73.05003740041248,1,2,2
1707958272.142348,20.0909375,270487,47.39128686186395,1004.502026604464,73.08876636,1,2,2
1707958273.1552641,20.08527344,268941,47.427123143790475,1004.4942549241553,73.15392700073619,0,1,1
1707958274.1683726,20.07765625,271155,47.43230935,1004.5036671078457,73.07501182298626,0,1,1
1707958275.1813993,20.0690625,269380,47.425211134869095,1004.5063321731342,73.05266705,0,1,1
1707958276.1943064,20.06027344,269601,47.466770318972195,1004.5342337171184,72.81873436209922,0,1,1
1707958277.2068477,20.05421875,269601,47.45388473854986,1004.5633008171596,72.57503498751288,1,2,2
1707958278.2197995,20.05910156,270043,47.472717967952164,1004.5953300131804,72.30650792978649,1,2,2
1707958279.232398,20.09386719,268502,47.50116918413775,1004.617709675385,72.11888495,1,2,2
1707958280.2449582,20.13644531,269380,47.50619924345463,1004.6412268016833,71.92172953771542,1,2,2
1707958281.2574608,20.17628906,268283,47.52917423493255,1004.6635732395595,71.73439202993207,1,2,2
1707958282.270343,20.21320313,266116,47.545719478420345,1004.6793092015096,71.60247433139506,1,2,2
1707958283.2832491,20.245625,266762,47.531286979972364,1004.6977538653267,71.44785117612847,1,2,2
1707958284.2961154,20.27726563,268065,47.52285240382893,1004.716593523882,71.28991911981318,1,2,2
1707958285.3090422,20.30460938,267847,47.5017316,1004.7418812205656,71.07793720343307,1,2,2
1707958286.321889,20.32882813,267847,47.46197868542448,1004.7772843539329,70.78116677686731,0,2,2
1707958287.3354263,20.35382813,268502,47.44667320775758,1004.8156996479719,70.45915617976502,0,2,2
1707958288.3484042,20.37863281,266116,47.40699915255584,1004.8520833205362,70.15418454,0,2,2
1707958289.361338,20.40226563,266978,47.37936412742424,1004.8796858503155,69.9228233,1,2,2
1707958290.3742435,20.42433594,264406,47.36371732981466,1004.9183155988063,69.59904182,1,2,2
1707958291.386321,20.44699219,266546,47.34205624271916,1004.9425786383634,69.39568238153286,0,1,1
1707958292.3981118,20.46984375,266116,47.33867268429442,1004.9603465108154,69.24676437993448,0,1,1
1707958293.4092135,20.48703125,266978,47.34678928046972,1004.978869583843,69.09151908,0,1,1
1707958294.420267,20.50773438,266546,47.324898535656295,1004.9947468691114,68.95845046021147,0,2,2
1707958295.4313483,20.52765625,269160,47.31508525114839,1004.9990832559072,68.92210720023425,0,2,2
1707958296.4423838,20.5503125,266116,47.29342819351633,1005.0028759837733,68.89032045011585,0,2,2
1707958297.4534805,20.57609375,269160,47.27214240433955,1005.0153058269862,68.78614694963487,0,2,2
1707958298.4663424,20.60246094,266116,47.26917595328794,1005.0577107655142,68.43076247431789,0,1,1
1707958299.479149,20.62609375,267847,47.290220975641766,1005.0767782548133,68.27096689100951,0,1,1
1707958300.4920065,20.65070313,265901,47.305301083331585,1005.0974783793251,68.09749174526226,0,1,1
1707958301.5045524,20.67433594,265472,47.314183079544684,1005.101190710775,68.06638126057112,0,1,1
1707958302.5166752,20.70011719,265686,47.329406829379266,1005.1050829276733,68.03376338,0,1,1
1707958303.529588,20.7221875,266116,47.34419382535697,1005.1078829101824,68.01029879662903,0,1,1
1707958304.5425026,20.74523438,267629,47.33475151682586,1005.1191387868001,67.91597214964861,0,1,1
1707958305.5554204,20.76925781,267847,47.33151182222136,1005.135438939793,67.77937490681997,0,1,1
1707958306.568359,20.79289063,265901,47.32213971636125,1005.1323161195561,67.80554437715227,0,1,1
1707958307.581289,20.8175,265045,47.30679765897981,1005.1342365889922,67.78945068988536,0,1,1
1707958308.5938127,20.84308594,264619,47.29157229158854,1005.1412006110934,67.73109183729903,0,1,1
1707958309.6067033,20.86710938,264619,47.26399240421284,1005.1387232691545,67.75185204880397,0,1,1
1707958310.6196532,20.89132813,263983,47.24252314516587,1005.1331569358467,67.79849827,0,1,1
1707958311.6326313,20.914375,263139,47.263508713455046,1005.1324537376396,67.80439112579242,0,1,1
1707958312.6455202,20.93820313,263349,47.30285078250389,1005.1313481491657,67.81365605577355,0,1,1
1707958313.6583982,20.96183594,261883,47.34827000268207,1005.128206680944,67.83998188458241,1,1,1
1707958314.6712694,20.98683594,261053,47.39995737902886,1005.1222287865764,67.89007744204557,1,1,1
1707958315.684216,21.01085938,260846,47.46373344128267,1005.1231484420501,67.88237058999158,1,1,1
1707958316.6971078,21.03351563,260228,47.50908898211161,1005.1303134934299,67.82232657055678,1,1,1
1707958317.7099395,21.05617188,259817,47.560556107025306,1005.1272354199097,67.84812116604785,1,1,1
1707958318.7227623,21.07980469,259817,47.59996134491105,1005.1240808794718,67.87455662910486,1,1,1
1707958319.7356682,21.10480469,259204,47.62734228671038,1005.1197956932684,67.91046715974227,1,1,1
1707958320.7485855,21.12882813,259000,47.64241226120062,1005.127531195855,67.84564252823874,1,1,1
1707958321.761436,21.15246094,256779,47.64523686899107,1005.127782993134,67.84353243737348,1,1,1
1707958322.774343,21.17550781,256579,47.660194115649475,1005.1287598561499,67.83534621427204,1,1,1
1707958323.787208,21.19738281,257381,47.65060797166704,1005.132896903169,67.80067736146117,1,1,1
,,,,,,,,
,,,,,,,,
,,,,,,,,
,,,,,,,,
,,,,,,,,
,,,,,,,,
,,,,,,,,
,,,,,,,,
,,,,,,,,
,,,,,,,,
,,,,,,,,
,,,,,,,,
,,,,,,,,
,,,,,,,,
,,,,,,,,
,,,,,,,,
,,,,,,,,
,,,,,,,,
,,,,,,,,
,,,,,,,,
,,,,,,,,
,,,,,,,,
,,,,,,,,
,,,,,,,,
,,,,,,,,
,,,,,,,,
,,,,,,,,
,,,,,,,,
,,,,,,,,
,,,,,,,,
,,,,,,,,
,,,,,,,,
,,,,,,,,
,,,,,,,,
,,,,,,,,
,,,,,,,,
,,,,,,,,
,,,,,,,,
,,,,,,,,
,,,,,,,,
,,,,,,,,
,,,,,,,,
,,,,,,,,
,,,,,,,,
,,,,,,,,
,,,,,,,,
,,,,,,,,
,,,,,,,,
,,,,,,,,
,,,,,,,,
,,,,,,,,
,,,,,,,,
,,,,,,,,
,,,,,,,,
,,,,,,,,
,,,,,,,,
,,,,,,,,
,,,,,,,,
,,,,,,,,
,,,,,,,,
,,,,,,,,
,,,,,,,,
,,,,,,,,
,,,,,,,,
,,,,,,,,
,,,,,,,,
,,,,,,,,
,,,,,,,,
,,,,,,,,
,,,,,,,,
,,,,,,,,
,,,,,,,,
,,,,,,,,
,,,,,,,,
,,,,,,,,
,,,,,,,,
,,,,,,,,
,,,,,,,,
,,,,,,,,
,,,,,,,,
,,,,,,,,
,,,,,,,,
,,,,,,,,
,,,,,,,,
,,,,,,,,
,,,,,,,,
,,,,,,,,
,,,,,,,,
,,,,,,,,
,,,,,,,,
,,,,,,,,
,,,,,,,,
,,,,,,,,
,,,,,,,,
,,,,,,,,
,,,,,,,,
,,,,,,,,
,,,,,,,,
,,,,,,,,
,,,,,,,,
,,,,,,,,
,,,,,,,,
,,,,,,,,
,,,,,,,,
,,,,,,,,
,,,,,,,,
,,,,,,,,
,,,,,,,,
,,,,,,,,
,,,,,,,,
,,,,,,,,
,,,,,,,,
,,,,,,,,
,,,,,,,,
,,,,,,,,
,,,,,,,,
,,,,,,,,
,,,,,,,,
,,,,,,,,
,,,,,,,,
,,,,,,,,
,,,,,,,,
,,,,,,,,
,,,,,,,,
,,,,,,,,
,,,,,,,,
,,,,,,,,
,,,,,,,,
,,,,,,,,
,,,,,,,,
,,,,,,,,
,,,,,,,,
,,,,,,,,
,,,,,,,,
,,,,,,,,
,,,,,,,,
,,,,,,,,
,,,,,,,,
,,,,,,,,
,,,,,,,,
,,,,,,,,
,,,,,,,,
,,,,,,,,
,,,,,,,,
,,,,,,,,
,,,,,,,,
,,,,,,,,
,,,,,,,,
,,,,,,,,
,,,,,,,,
,,,,,,,,
,,,,,,,,
,,,,,,,,
,,,,,,,,
,,,,,,,,
,,,,,,,,
,,,,,,,,
,,,,,,,,
,,,,,,,,
,,,,,,,,
,,,,,,,,
,,,,,,,,
,,,,,,,,
,,,,,,,,
,,,,,,,,
,,,,,,,,
,,,,,,,,
,,,,,,,,
,,,,,,,,
,,,,,,,,
,,,,,,,,
,,,,,,,,
,,,,,,,,
,,,,,,,,
,,,,,,,,
,,,,,,,,
,,,,,,,,
,,,,,,,,
,,,,,,,,
,,,,,,,,
,,,,,,,,
,,,,,,,,
,,,,,,,,
,,,,,,,,
,,,,,,,,
,,,,,,,,
,,,,,,,,
,,,,,,,,
,,,,,,,,
,,,,,,,,
,,,,,,,,
,,,,,,,,
,,,,,,,,
,,,,,,,,
,,,,,,,,
,,,,,,,,
,,,,,,,,
,,,,,,,,
,,,,,,,,
,,,,,,,,
,,,,,,,,
,,,,,,,,
,,,,,,,,
,,,,,,,,
,,,,,,,,
,,,,,,,,
,,,,,,,,
,,,,,,,,
,,,,,,,,
,,,,,,,,
,,,,,,,,
,,,,,,,,
,,,,,,,,
,,,,,,,,
,,,,,,,,
,,,,,,,,
,,,,,,,,
,,,,,,,,
,,,,,,,,
,,,,,,,,
,,,,,,,,
,,,,,,,,
,,,,,,,,
,,,,,,,,
,,,,,,,,
,,,,,,,,
,,,,,,,,
,,,,,,,,
,,,,,,,,
,,,,,,,,
,,,,,,,,
,,,,,,,,
,,,,,,,,
,,,,,,,,
,,,,,,,,
,,,,,,,,
,,,,,,,,
,,,,,,,,
,,,,,,,,
,,,,,,,,
,,,,,,,,
,,,,,,,,
,,,,,,,,
,,,,,,,,
,,,,,,,,
,,,,,,,,
,,,,,,,,
,,,,,,,,
,,,,,,,,
,,,,,,,,
,,,,,,,,
,,,,,,,,
,,,,,,,,
,,,,,,,,
,,,,,,,,
,,,,,,,,
,,,,,,,,
,,,,,,,,
,,,,,,,,
,,,,,,,,
,,,,,,,,
,,,,,,,,
,,,,,,,,
,,,,,,,,
,,,,,,,,
,,,,,,,,
,,,,,,,,
,,,,,,,,
,,,,,,,,
,,,,,,,,
,,,,,,,,
,,,,,,,,
,,,,,,,,
,,,,,,,,
,,,,,,,,
,,,,,,,,
,,,,,,,,
,,,,,,,,
,,,,,,,,
,,,,,,,,
,,,,,,,,
,,,,,,,,
,,,,,,,,
,,,,,,,,
,,,,,,,,
,,,,,,,,
,,,,,,,,
,,,,,,,,
,,,,,,,,
,,,,,,,,
,,,,,,,,
,,,,,,,,
,,,,,,,,
,,,,,,,,
,,,,,,,,
,,,,,,,,
,,,,,,,,
,,,,,,,,
,,,,,,,,
,,,,,,,,
,,,,,,,,
,,,,,,,,
,,,,,,,,
,,,,,,,,
,,,,,,,,
,,,,,,,,
,,,,,,,,
,,,,,,,,
,,,,,,,,
,,,,,,,,
,,,,,,,,
,,,,,,,,
,,,,,,,,
,,,,,,,,
,,,,,,,,
,,,,,,,,
,,,,,,,,
,,,,,,,,
,,,,,,,,
,,,,,,,,
,,,,,,,,
,,,,,,,,
,,,,,,,,
,,,,,,,,
,,,,,,,,
,,,,,,,,
,,,,,,,,
,,,,,,,,
,,,,,,,,
,,,,,,,,
,,,,,,,,
,,,,,,,,
,,,,,,,,
,,,,,,,,
,,,,,,,,
,,,,,,,,
,,,,,,,,
,,,,,,,,
,,,,,,,,
,,,,,,,,
,,,,,,,,
,,,,,,,,
,,,,,,,,
,,,,,,,,
,,,,,,,,
,,,,,,,,
,,,,,,,,
,,,,,,,,
,,,,,,,,
,,,,,,,,
,,,,,,,,
,,,,,,,,
,,,,,,,,
,,,,,,,,
,,,,,,,,
,,,,,,,,
,,,,,,,,
,,,,,,,,
,,,,,,,,
,,,,,,,,
,,,,,,,,
,,,,,,,,
,,,,,,,,
,,,,,,,,
,,,,,,,,
,,,,,,,,
,,,,,,,,
,,,,,,,,
,,,,,,,,
,,,,,,,,
,,,,,,,,
,,,,,,,,
,,,,,,,,
,,,,,,,,
,,,,,,,,
,,,,,,,,
,,,,,,,,
,,,,,,,,
,,,,,,,,
,,,,,,,,
,,,,,,,,
,,,,,,,,
,,,,,,,,
,,,,,,,,
,,,,,,,,
,,,,,,,,
,,,,,,,,
,,,,,,,,
,,,,,,,,
,,,,,,,,
,,,,,,,,
,,,,,,,,
,,,,,,,,
,,,,,,,,
,,,,,,,,
,,,,,,,,
,,,,,,,,
,,,,,,,,
,,,,,,,,
,,,,,,,,
,,,,,,,,
,,,,,,,,
,,,,,,,,
,,,,,,,,
,,,,,,,,
,,,,,,,,
,,,,,,,,
,,,,,,,,
,,,,,,,,
,,,,,,,,
,,,,,,,,
,,,,,,,,
,,,,,,,,
,,,,,,,,
,,,,,,,,
,,,,,,,,
,,,,,,,,
,,,,,,,,
,,,,,,,,
,,,,,,,,
,,,,,,,,
,,,,,,,,
,,,,,,,,
,,,,,,,,
,,,,,,,,
,,,,,,,,
,,,,,,,,
,,,,,,,,
,,,,,,,,
,,,,,,,,
,,,,,,,,
,,,,,,,,
,,,,,,,,
,,,,,,,,
,,,,,,,,
,,,,,,,,
,,,,,,,,
,,,,,,,,
,,,,,,,,
,,,,,,,,
,,,,,,,,
,,,,,,,,
,,,,,,,,
,,,,,,,,
,,,,,,,,
,,,,,,,,
,,,,,,,,
,,,,,,,,
,,,,,,,,
,,,,,,,,
,,,,,,,,
,,,,,,,,
,,,,,,,,
,,,,,,,,
,,,,,,,,
,,,,,,,,
,,,,,,,,
,,,,,,,,
,,,,,,,,
,,,,,,,,
,,,,,,,,
,,,,,,,,
,,,,,,,,
,,,,,,,,
,,,,,,,,
,,,,,,,,
,,,,,,,,
,,,,,,,,
,,,,,,,,
,,,,,,,,
,,,,,,,,
,,,,,,,,
,,,,,,,,
,,,,,,,,
,,,,,,,,
,,,,,,,,
,,,,,,,,
,,,,,,,,
,,,,,,,,
,,,,,,,,
,,,,,,,,
,,,,,,,,
,,,,,,,,
,,,,,,,,
,,,,,,,,
,,,,,,,,
,,,,,,,,
,,,,,,,,
,,,,,,,,
,,,,,,,,
,,,,,,,,
,,,,,,,,
,,,,,,,,
,,,,,,,,
,,,,,,,,
,,,,,,,,
,,,,,,,,
,,,,,,,,
,,,,,,,,
,,,,,,,,
,,,,,,,,
,,,,,,,,
,,,,,,,,
,,,,,,,,
,,,,,,,,
,,,,,,,,
,,,,,,,,
,,,,,,,,
,,,,,,,,
,,,,,,,,
,,,,,,,,
,,,,,,,,
,,,,,,,,
,,,,,,,,
,,,,,,,,
,,,,,,,,
,,,,,,,,
,,,,,,,,
,,,,,,,,
,,,,,,,,
,,,,,,,,
,,,,,,,,
,,,,,,,,
,,,,,,,,
,,,,,,,,
,,,,,,,,
,,,,,,,,
,,,,,,,,
,,,,,,,,
,,,,,,,,
,,,,,,,,
,,,,,,,,
,,,,,,,,
,,,,,,,,
,,,,,,,,
,,,,,,,,
,,,,,,,,
,,,,,,,,
,,,,,,,,
,,,,,,,,
,,,,,,,,
,,,,,,,,
,,,,,,,,
,,,,,,,,
,,,,,,,,
,,,,,,,,
,,,,,,,,
,,,,,,,,
,,,,,,,,
,,,,,,,,
,,,,,,,,
,,,,,,,,
,,,,,,,,
,,,,,,,,
,,,,,,,,
,,,,,,,,
,,,,,,,,
,,,,,,,,
,,,,,,,,
,,,,,,,,
,,,,,,,,
,,,,,,,,
,,,,,,,,
,,,,,,,,
,,,,,,,,
,,,,,,,,
,,,,,,,,
,,,,,,,,
,,,,,,,,
,,,,,,,,
,,,,,,,,
,,,,,,,,
,,,,,,,,
,,,,,,,,
,,,,,,,,
,,,,,,,,
,,,,,,,,
,,,,,,,,
,,,,,,,,
,,,,,,,,
,,,,,,,,
,,,,,,,,
,,,,,,,,
,,,,,,,,
,,,,,,,,
,,,,,,,,
,,,,,,,,
,,,,,,,,
,,,,,,,,
,,,,,,,,
,,,,,,,,
,,,,,,,,
,,,,,,,,
,,,,,,,,
,,,,,,,,
,,,,,,,,
,,,,,,,,
,,,,,,,,
,,,,,,,,
,,,,,,,,
,,,,,,,,
,,,,,,,,
,,,,,,,,
,,,,,,,,
,,,,,,,,
,,,,,,,,
,,,,,,,,
,,,,,,,,
,,,,,,,,
,,,,,,,,
,,,,,,,,
,,,,,,,,
,,,,,,,,
,,,,,,,,
,,,,,,,,
,,,,,,,,
,,,,,,,,
,,,,,,,,
,,,,,,,,
,,,,,,,,
,,,,,,,,
,,,,,,,,
,,,,,,,,
,,,,,,,,
,,,,,,,,
,,,,,,,,
,,,,,,,,
,,,,,,,,
,,,,,,,,
,,,,,,,,
,,,,,,,,
,,,,,,,,
,,,,,,,,
,,,,,,,,
,,,,,,,,
,,,,,,,,
,,,,,,,,
,,,,,,,,
,,,,,,,,
,,,,,,,,
,,,,,,,,
,,,,,,,,
,,,,,,,,
,,,,,,,,
,,,,,,,,
,,,,,,,,
,,,,,,,,
,,,,,,,,
,,,,,,,,
,,,,,,,,
,,,,,,,,
,,,,,,,,
,,,,,,,,
,,,,,,,,
,,,,,,,,
,,,,,,,,
,,,,,,,,
,,,,,,,,
,,,,,,,,
,,,,,,,,
,,,,,,,,
,,,,,,,,
,,,,,,,,
,,,,,,,,
,,,,,,,,
,,,,,,,,
,,,,,,,,
,,,,,,,,
,,,,,,,,
,,,,,,,,
,,,,,,,,
,,,,,,,,
,,,,,,,,
,,,,,,,,
,,,,,,,,
,,,,,,,,
,,,,,,,,
,,,,,,,,
,,,,,,,,
,,,,,,,,
,,,,,,,,
,,,,,,,,
,,,,,,,,
,,,,,,,,
,,,,,,,,
,,,,,,,,
,,,,,,,,
,,,,,,,,
,,,,,,,,
,,,,,,,,
,,,,,,,,
,,,,,,,,
,,,,,,,,
,,,,,,,,
,,,,,,,,
,,,,,,,,
,,,,,,,,
,,,,,,,,
,,,,,,,,
,,,,,,,,
,,,,,,,,
,,,,,,,,
